Date,Open,High,Low,Close,Volume,Segment,SMA_20,SMA_50,EMA_20,EMA_50,EMA_200,RSI_14,MACD,MACD_Signal,MACD_Hist,BB_upper,BB_middle,BB_lower,ATR_14,STOCH_K,STOCH_D,OBV,CCI_20,Williams_%R,VWAP,CMF_20
2026-02-25,105.27999877929688,105.27999877929688,91.20999908447266,93.25,2112850,0,,,,,,,,,,,,,,,,2112850.0,,,96.57999928792317,
2026-02-26,93.12000274658205,95.1999969482422,90.73999786376952,91.69000244140624,157595,0,,,,,,,,,,,,,,,,1955255.0,,,96.2998081732315,
2026-02-27,91.69000244140624,93.73999786376952,88.30999755859375,89.41999816894531,199415,0,,,,,,,,,,,,,,,,1755840.0,,,95.83072760880219,
2026-03-02,89.4000015258789,89.4000015258789,83.9800033569336,85.88999938964844,140405,0,,,,,,,,,,,,,,,,1615435.0,,,95.32470810760638,
2026-03-04,85.08000183105469,85.58999633789062,76.5999984741211,79.1500015258789,240670,0,,,,,,,,,,,,,,,,1374765.0,,,94.06873470681765,
2026-03-05,77.5999984741211,90.0,77.58999633789062,84.69999694824219,111610,0,,,,,,,,,,,,,,,,1486375.0,,,93.69305002903573,
2026-03-06,84.69000244140625,86.4000015258789,81.06999969482422,81.55999755859375,80235,0,,,,,,,,,,,,,,,,1406140.0,,,93.41134890318128,
2026-03-09,81.4000015258789,81.48999786376953,80.01000213623047,80.58000183105469,11955,0,,,,,,,,,,,,,,,,1394185.0,,,93.36157572519996,
2026-03-10,81.80000305175781,84.08000183105469,78.22000122070312,79.63999938964844,40370,0,,,,,,,,,,,,,,27.10874588947476,29.43244942652568,1353815.0,,,93.19573293607333,
2026-03-11,80.23999786376953,82.0,80.0,80.2699966430664,35000,0,,,,,,,,,,,,,,24.661189738838512,28.610872845103078,1388815.0,,,93.05664259929758,
2026-03-12,81.08999633789062,84.16000366210938,81.0,82.6500015258789,39315,0,,,,,,,,,,,,,,32.812845312510014,28.19426031360776,1428130.0,,,92.92697477811807,
2026-03-13,81.81999969482422,81.81999969482422,77.55999755859375,79.05000305175781,29390,0,,,,,,,,,,,,,,32.7759281507909,30.083321067379803,1398740.0,,,92.8033961496888,
2026-03-16,81.19999694824219,81.19999694824219,73.01000213623047,73.54000091552734,105240,0,,,,,,,,,,,,,,27.161884162022062,30.916885875107653,1293500.0,,,92.26552311181308,
2026-03-17,75.22000122070312,75.98999786376953,73.4000015258789,73.98999786376953,40140,0,,,,,,,,,,,,,,12.039456568492007,23.992422960434983,1333640.0,,-96.96313656806771,92.05180507113434,
2026-03-18,74.36000061035156,74.87999725341797,72.47000122070312,73.12999725341797,111340,0,,,,,,23.623483097406826,,,,,,,5.307142530168806,6.3961219386060755,15.199154223040045,1222300.0,,-97.09636534636384,91.45383590233764,
2026-03-19,74.4000015258789,74.76000213623047,70.66000366210938,71.19000244140625,103110,0,,,,,,22.3966440105753,,,,,,,5.2209179547368265,6.3947029594468745,8.276760488848316,1119190.0,,-97.70364422683107,90.89606129274242,
2026-03-20,70.79000091552734,74.05999755859375,69.01000213623047,71.7300033569336,64145,0,,,,,,23.586224794575987,,,,,,,5.20870920242443,10.902767285836097,7.897864061296346,1183335.0,,-87.04144117423627,90.55440541573859,
2026-03-23,75.4000015258789,75.4000015258789,62.0,66.20999908447266,125565,0,,,,,,20.18073208293724,,,,,,,5.793801511242607,19.051802462315308,12.116424235866091,1057770.0,,-84.96428898402623,89.79450643605928,
2026-03-24,69.77999877929688,72.0,66.2300033569336,70.58999633789062,443510,0,,,,,,28.947149304995513,,,,,,,5.793530040120088,38.83691855910792,22.930496102419777,1501280.0,,-69.32144165039062,87.65857898112532,
2026-03-25,70.80000305175781,75.0,70.80000305175781,74.41000366210938,40725,0,79.13199996948242,,79.13199996948242,,,35.5912236759318,,,,93.52162473700058,79.13199996948242,64.74237520196426,5.694706727405037,62.26977387754889,40.05283163299071,1542005.0,-70.88088822987079,-49.13933243427387,87.52141817091935,-0.4690874498876077
2026-03-27,74.9800033569336,74.9800033569336,68.41000366210938,69.33999633789062,477995,0,77.93649978637696,,78.1994281950451,,,31.395137129984192,,,,91.37738890319629,77.93649978637696,64.49561066955762,5.757227653649264,70.49749530042635,57.20139591236106,1064010.0,-88.64015716536882,-66.87727831723677,85.83581378807419,-0.31872346867851997
2026-03-30,72.98999786376953,72.98999786376953,62.09999847412109,64.9800033569336,106745,0,76.60099983215332,,76.9404353533202,,,28.304686866454,,,,89.61121322888762,76.60099983215332,63.59078643541902,6.123854206220634,56.54229046923618,63.10318654907048,957265.0,-125.04618756513584,-86.55233364410945,85.41157006283942,-0.30931354159046737
2026-04-01,65.19999694824219,69.98999786376953,65.19999694824219,69.23999786376953,11235,0,75.59199981689453,,76.20706035431537,,,35.03375705773134,,,,87.55715150123912,75.59199981689453,63.62684813254994,6.0442927991217275,44.12124675228112,57.05367750731455,968500.0,-100.27073898806968,-67.32853489483418,85.37139065798885,-0.2807400534765352
2026-04-02,69.0,70.0,67.01000213623047,69.58000183105469,30490,0,74.77649993896485,,75.57591192352864,,,35.553659886457325,,,,86.0247780090525,74.77649993896485,63.52822186887719,5.826128875168,45.19072323617798,48.61808681923176,998990.0,-84.32970816608886,-65.79422121659903,85.26780443691521,-0.26628118865337724
2026-04-06,70.25,72.94000244140625,70.25,71.18000030517578,29445,0,74.37799987792968,,75.1572536741617,,,38.06547409810934,,,,85.5426767225349,74.37799987792968,63.21332303332445,5.6499768562525405,61.27674103994,50.196237009466365,1028435.0,-45.568287841565095,-53.68314608212108,85.18461545448048,-0.24723491768213945
2026-04-07,75.01000213623047,76.4000015258789,70.0,70.75,67540,0,73.68050003051758,,74.73751522900344,,,37.64087134926918,,,,83.87989887627538,73.68050003051758,63.48110118475979,5.703550046940138,62.99030181327322,56.485922029797074,960895.0,-27.736847959544434,-54.42707608971216,85.01016177122166,-0.2868058532404488
2026-04-08,72.88999938964844,75.5999984741211,72.62000274658203,73.43000030517578,33300,0,73.27400016784668,,74.6129899981627,,,41.98444111592631,,,,82.8114013875148,73.27400016784668,63.73659894817855,5.6425820774530635,68.15617764935953,64.14107350085759,994195.0,2.2619875393304194,-20.625006291600727,84.93589869406921,-0.2678882829096114
2026-04-09,71.4000015258789,75.18000030517578,71.0,72.29000091552734,48620,0,72.85950012207032,,74.39175294267362,,,40.6862202998994,,,,81.79218727198678,72.85950012207032,63.92681297215386,5.538111950861828,63.40055788369316,64.84901244877531,945575.0,-10.38946763396222,-28.54166788083523,84.81900346414845,-0.2709348365194072
2026-04-10,72.29000091552734,74.80000305175781,72.29000091552734,73.93000030517578,31780,0,72.57400016784668,,74.34777650100716,,,43.39776949806907,,,,80.97048865338138,72.57400016784668,64.17751168231197,5.321818392673874,63.70613517603807,65.08762356969693,977355.0,14.44813219209625,-17.152784437308373,84.74913603488486,-0.2566400540474274
2026-04-13,73.55999755859375,74.05999755859375,71.66999816894531,73.47000122070312,15550,0,72.23400039672852,,74.26417885526392,,,42.80665562519,,,,79.87294736200452,72.23400039672852,64.59505343145251,5.112402749600628,57.28500629283997,61.4638997841904,961805.0,11.062226399121343,-20.347222185429235,84.71341288180807,-0.24209862651825895
2026-04-15,74.5,76.38999938964844,73.19999694824219,75.5,51145,0,71.87650032043457,,74.38187610714355,,,46.28387365349524,,,,78.06334283478054,71.87650032043457,65.6896578060886,4.975088441872458,66.37098211983245,62.45404119623684,1012950.0,81.05020981531598,-6.25000993410641,84.61699217437646,-0.2300352996222912
2026-04-16,76.7300033569336,79.91999816894531,76.7300033569336,78.19000244140625,122040,0,71.833500289917,,74.74455480564477,,,50.572304155865446,,,,77.82932031772494,71.833500289917,65.83768026210906,4.935439136663376,72.77071043791756,65.47556628353,1134990.0,181.61720369279618,-9.708169232132677,84.46992156951008,-0.22041516310205306
2026-04-17,75.5999984741211,80.4000015258789,75.5999984741211,77.87999725341797,119910,0,72.05050010681153,,75.04316837209936,,,50.07613986518439,,,,78.56901975107284,72.05050010681153,65.53198046255021,4.925765130598693,78.40911931513321,72.51693729096108,1015080.0,162.46416422684962,-13.770512853651557,84.32478403642746,-0.1775786453294705
2026-04-20,77.63999938964844,83.98999786376953,74.98999786376953,77.73999786376953,199915,0,72.23800010681153,,75.30000927606795,,,49.83833640786307,-1.7808229315904356,-4.129999938950338,2.349177007359902,79.17141340677098,72.23800010681153,65.30458680685207,5.216781906984501,67.00296237448659,72.72759737584579,815165.0,167.85225709290222,-28.55185095599208,84.13060940761342,-0.18989665568208522
2026-04-21,79.37999725341797,81.56999969482422,78.27999877929688,80.20999908447266,43090,0,72.59200019836426,,75.76762735305888,,,53.98976420111617,-1.1943247715607583,-3.5428649054724217,2.3485401339116634,80.34586229971956,72.59200019836426,64.83813809700897,5.117726187275228,61.79034629497165,69.06747599486381,858255.0,166.95726838157233,-17.26815388165062,84.09910005636978,-0.16918319632177217
2026-04-22,78.12000274658203,82.0,78.12000274658203,80.19000244140625,26960,0,73.04200019836426,,76.18880593290149,,,53.95083564074535,-0.7228023012230125,-2.97885238462254,2.2560500833995274,81.43635458460416,73.04200019836426,64.64764581212437,5.029316977713996,57.33829491564949,62.04386786170258,831295.0,142.41934099694777,-20.223497803148636,84.08002795219937,-0.13789856149491203
2026-04-23,81.94999694824219,81.94999694824219,78.61000061035156,79.2699966430664,22185,0,73.4189998626709,,76.48225266720291,,,52.08991143575773,-0.4185295770228521,-2.466787823102602,2.04825824607975,82.21160990604798,73.4189998626709,64.62638981929382,4.908651217726613,56.76698249209636,58.6318745675725,809110.0,120.05434576173216,-27.79742289951213,84.06384381897051,-0.14969563979459585
2026-04-24,77.5999984741211,81.61000061035156,77.04000091552734,78.8499984741211,5085,0,74.05099983215332,,76.70775226786179,,,51.22130574521625,-0.2088738256477427,-2.0152050236116303,1.8063311979638876,82.49004635819492,74.05099983215332,65.61195330611173,4.884461823233585,49.407422101056135,54.50423316960067,804025.0,92.49538653216167,-36.740530196646446,84.05945625113523,-0.1353889228171181
2026-04-27,80.16000366210938,80.38999938964844,78.41000366210938,79.77999877929688,15005,0,74.51049995422363,,77.00034717371275,,,53.08676104504036,0.03195476545101883,-1.6057730657991005,1.6377278312501193,83.14424314995162,74.51049995422363,65.87675675849565,4.676999959255405,48.56211342471217,51.57883933928823,819030.0,87.86899159661375,-30.092921567739925,84.0475042145282,-0.32154673908611514
2026-04-28,80.56999969482422,81.16000366210938,76.01000213623047,77.0999984741211,43135,0,74.64499969482422,,77.00983777375164,,,47.45466532814658,0.00648477954058535,-1.2833214967311632,1.2898062762717486,83.35179252943652,74.64499969482422,65.93820686021192,4.710785785442799,38.775912875392066,45.58181613372013,775895.0,55.79417178533953,-53.04080463989428,84.00268596141784,-0.3571085533553583
2026-04-29,80.98999786376953,80.98999786376953,76.0,76.38999938964844,28185,0,74.99749984741212,,76.9508055466942,,,46.06048193745927,-0.0701823418519183,-1.0406936657553143,0.970511323903396,83.38150895392741,74.99749984741212,66.61349074089682,4.73072950532328,26.664485969399475,38.00083742316791,747710.0,45.23861894615178,-58.50654136994347,83.9723124015358,-0.20657691622780058
2026-04-30,76.4000015258789,79.37999725341797,75.05999755859375,78.38999938964844,18525,0,75.66799964904786,,77.08787162697556,,,50.47443134330008,0.030094783459958308,-0.8265359759122598,0.8566307593722181,82.79015467429255,75.66799964904786,68.54584462380316,4.7013916617162055,25.197084740417637,30.212494528403067,766235.0,35.616785165229224,-45.454534195108145,83.95192271436649,-0.16287100328233578
2026-05-04,81.0,81.44999694824219,77.05000305175781,78.80000305175781,27190,0,76.14599990844727,,77.2509317626691,,,51.35328433841333,0.14102336712375063,-0.6330241073050578,0.7740474744288084,82.74215051954525,76.14599990844727,69.54984929734928,4.679863249913931,38.64111897307739,30.167563227631508,793425.0,60.57364846114872,-42.12658230983641,83.92920722060101,-0.1737787165263351
2026-05-05,80.55000305175781,80.55000305175781,77.30000305175781,77.88999938964844,13370,0,76.56149978637696,,77.31179534619093,,,49.2637278036139,0.1537332374940661,-0.475672638345233,0.6294058758392991,82.46103222358501,76.56149978637696,70.6619673491689,4.577730160634365,51.21890825787787,38.352370657124304,780055.0,44.23812612789544,-56.53380867969061,83.91692091774915,-0.20851461092235013
2026-05-06,78.9000015258789,81.16000366210938,76.22000122070312,79.70999908447266,75860,0,76.9879997253418,,77.54019570221776,,,53.35193062999656,0.3071243282545737,-0.3191132450252716,0.6262375732798453,82.48957917298344,76.9879997253418,71.48642027770015,4.603606752118071,58.52900324358745,49.46301015818091,855915.0,52.47967480040218,-47.5555419921875,83.85405353598725,-0.15884121003214935
2026-05-07,79.37000274658203,79.4000015258789,75.23999786376953,76.23999786376953,71635,0,77.26249961853027,,77.41636733665126,,,45.7781142183195,0.14699332673446008,-0.22589193067332525,0.37288525740778533,81.98429471103299,77.26249961853027,72.54070452602755,4.594063499874147,45.17477563528545,51.640895712250256,784280.0,-17.75279567079336,-86.11111111111111,83.7713101438843,-0.14386257374875017
2026-05-08,78.0,79.0,72.04000091552734,75.33000183105469,66485,0,77.35749969482421,,77.21766585992778,,,44.013518282712,-0.05273284888089336,-0.19126011431483886,0.1385272654339455,81.83729301371162,77.35749969482421,72.87770637593681,4.76305889877404,42.06639136487854,48.590056747917146,717795.0,-76.36990703096377,-72.46860455465394,83.6797113778992,-0.12823477420086113
2026-05-11,75.29000091552734,75.4000015258789,74.0,74.30999755859375,11815,0,77.45849952697753,,76.94074506932454,,,42.05661713330141,-0.28998038884557786,-0.21100416922098666,-0.0789762196245912,81.55108909765278,77.45849952697753,73.36590995630229,4.522840514995816,26.106498928604818,37.782555309589604,705980.0,-119.56168440747972,-77.20886695054757,83.66191173386555,-0.12099085496799918
2026-05-12,72.30999755859375,73.37999725341797,72.0,72.11000061035156,15505,0,77.36749954223633,,76.48067416846996,,,38.119857969045015,-0.6480518033347096,-0.29841369604373125,-0.34963810729097833,81.83374989187871,77.36749954223633,72.90124919259395,4.36478030382424,20.351338704694037,29.508076332725796,690475.0,-189.2056010301645,-98.89999389648438,83.63335550571749,-0.14592712086096507
2026-05-13,72.52999877929688,74.23999786376953,72.0,72.76000213623047,16755,0,77.33199958801269,76.74939987182617,76.12632445111382,76.74939987182617,,39.90958458921074,-0.8693549060314751,-0.41260193804128004,-0.4567529679901951,81.93091892136526,77.33199958801269,72.73308025466012,4.213010129534618,12.120494379607367,19.526110670968738,707230.0,-169.92140870257398,-92.36178523286146,83.60404813165788,-0.15909109388180065
2026-05-14,72.54000091552734,75.77999877929688,72.37999725341797,74.22000122070312,8525,0,77.26799964904785,76.36879989624023,75.94476985774136,76.65020776786056,,43.838705522310356,-0.9163661859524126,-0.5133547876235065,-0.4030113983289061,82.0007934682908,77.26799964904785,72.53520582980491,4.154938086416353,14.395159906328582,15.622330996876657,715755.0,-122.15894160577714,-76.89905224031082,83.59077613309786,-0.18924836243398083
2026-05-15,73.63999938964844,76.75,72.5999984741211,74.6500015258789,65180,0,77.09099960327148,76.02799987792969,75.82145858804017,76.5717683073907,,44.97977841529068,-0.908453447176143,-0.5923745195340337,-0.3160789276421092,81.9360781656278,77.09099960327148,72.24592104091516,4.154585474949392,32.591368660464866,19.702340982133602,780935.0,-88.68803273683558,-71.95764675488242,83.49623789471931,-0.19060873114799862
2026-05-18,75.62000274658203,75.97000122070312,68.62999725341797,71.91999816894531,64495,0,76.79299964904786,75.6779998779297,75.44989092907876,76.3893459490203,,39.4934649489389,-1.1096793076945488,-0.6958354771661368,-0.413843830528412,82.11680637853243,76.79299964904786,71.46919291956328,4.382115367259089,42.67368263674669,29.88673706784671,716440.0,-141.33712447011882,-74.33696572664033,83.37877964901459,-0.2040130951804128
2026-05-19,74.5999984741211,74.5999984741211,71.9800033569336,72.0199966430664,25890,0,76.50699958801269,75.40059982299805,75.12323433041092,76.21799891741426,,39.78319655864356,-1.2467118921287152,-0.8060107601586525,-0.4407011319700628,82.19845672731785,76.50699958801269,70.81554244870753,4.260535719967423,46.01849719737573,40.42784949819576,742330.0,-104.9560617619366,-73.55694640915574,83.33518663164018,-0.17823118659747672
2026-05-20,73.0,73.76000213623047,71.0,71.37999725341797,12845,0,76.06549949645996,75.24519973754883,74.7667355611735,76.02827336196343,,38.51214781504675,-1.390920143014867,-0.9229926367298954,-0.4679275062849716,81.90739855231585,76.06549949645996,70.22360044060407,4.153354749700498,38.71098980085596,42.46772321165946,729485.0,-111.22843408466214,-78.54914145504816,83.31200877136277,-0.21315553024799966
2026-05-21,74.80000305175781,74.80000305175781,71.83999633789062,72.3499984741211,6660,0,75.6734992980957,74.9981997680664,74.53657012431137,75.8840272879304,,41.559708138096525,-1.4106738588038752,-1.0205288811446913,-0.3901449776591839,81.40689380899086,75.6734992980957,69.94010478720055,4.100972681746166,40.476179290710846,41.73522209631418,736145.0,-78.16689116150037,-70.98282910096331,83.30103898877631,-0.230245151326304
2026-05-22,73.55999755859375,80.29000091552734,72.20999908447266,78.05999755859375,224210,0,75.61299934387208,74.9281997680664,74.87213464186208,75.96935945540739,,55.531788905406046,-0.9545758589221833,-1.0073382767001897,0.05276241777800639,81.21739831242465,75.61299934387208,70.0086003753195,4.385189049553917,53.51818461523093,44.235117902265905,960355.0,27.539709073718097,-24.740658563153755,83.0781831392477,-0.03378288088998857
2026-05-25,81.80000305175781,83.6500015258789,73.91999816894531,77.95999908447266,422190,0,75.56849937438965,74.87579971313477,75.16621696972975,76.04742375458642,,55.28251402651306,-0.5943328500111704,-0.9247371913623859,0.33040434135121544,81.0827913227916,75.56849937438965,70.05420742598768,4.766961500081036,60.56910639970545,51.52115676854907,538165.0,75.19118001663827,-37.882828381339586,82.79903702904502,-0.07954550771553401
2026-05-26,78.0,79.79000091552734,75.0,75.30999755859375,74865,0,75.34499931335449,74.78919967651368,75.17991035914537,76.01850508023377,,49.00465421818697,-0.5167142855497531,-0.8431326101998593,0.32641832465010623,80.50965087694794,75.34499931335449,70.18034774976104,4.768607172612915,56.65521153861332,56.9141675178499,463300.0,30.29941248523189,-55.52597599839894,82.73365782400349,-0.13071049341320767
2026-05-27,76.0,79.37999725341797,75.0,75.93000030517578,161530,0,75.28649940490723,74.70239974975586,75.25134749686255,76.01503430474129,,50.42317185210592,-0.40055462950022047,-0.7546170140599315,0.35406238455971106,80.3965265709212,75.28649940490723,70.17647223889327,4.740849321241847,41.24085275490259,52.821723564407115,624830.0,35.38664112467989,-51.39812932581975,82.59884376981744,-0.1679584894501536
2026-05-29,78.0,78.0,73.80999755859375,74.05999755859375,50395,0,75.1699993133545,74.53059967041015,75.1378855979798,75.93836619704923,,46.244858847412885,-0.4541556351203724,-0.6945247382720197,0.24036910315164728,80.28032292978145,75.1699993133545,70.05967569692754,4.701503115539304,28.291373724993036,42.06247933950298,574435.0,-6.4460621927057975,-63.848210648437394,82.5476575310813,-0.17972450834016757
2026-06-01,73.83999633789062,77.4800033569336,73.79000091552734,76.0,104735,0,75.05049934387208,74.469599609375,75.21999173150553,75.94078320892966,,50.799796375283414,-0.3362171326864285,-0.6228632171549014,0.28664608446847295,79.96195397803935,75.05049934387208,70.1390447097048,4.6292530673869425,24.40559359001919,31.312606689971606,679170.0,12.128937446193385,-50.93208621721317,82.45023344552317,-0.1625027126339117
2026-06-02,75.97000122070312,76.37999725341797,74.41000366210938,74.91000366210938,116930,0,74.85599937438965,74.49699966430664,75.19046905822971,75.90036048160337,,48.322275941697974,-0.32693491263188434,-0.563677556250298,0.23674264361841368,79.45635347676044,74.85599937438965,70.25564527201887,4.439305961952774,19.083935585291496,23.926967633434575,562240.0,1.0866973137111497,-58.18905045049987,82.33646620067248,-0.18575291691689694
2026-06-03,75.2300033569336,75.44000244140625,72.63999938964844,73.77999877929688,74260,0,74.65049934387207,74.49279968261719,75.0561385554742,75.81720904229724,,45.82701042600893,-0.40607960366671136,-0.5321579657335807,0.1260783620668693,79.05332355733337,74.65049934387207,70.24767513041077,4.322212896938849,19.33147925549354,20.94033614360141,487980.0,-40.38021410198084,-65.71238308286374,82.25337104829627,-0.18214083164901662
2026-06-04,74.0199966430664,74.5999984741211,72.81999969482422,73.48999786376953,12770,0,74.33949928283691,74.49999969482423,74.90698229912138,75.72594585882557,,45.18218764714321,-0.48659384085952695,-0.52304514075877,0.036451299899243006,78.10083177476345,74.33949928283691,70.57816679091037,4.140626174250136,17.146278005763623,18.52056428218289,475210.0,-46.77173753098158,-67.64314761705936,82.23870858549489,-0.21073777879285416
2026-06-05,72.73999786376953,73.55999755859375,72.27999877929688,72.37000274658203,11240,0,74.14599952697753,74.52359970092773,74.66536519887954,75.59434024658073,,42.68421549826017,-0.6334739068020809,-0.5451308939674322,-0.08834301283464874,77.89450027298189,74.14599952697753,70.39749878097318,3.9362956460391887,11.500988525094682,15.992915262117284,463970.0,-78.60873418611325,-75.09983735476472,82.22449812824513,-0.20116723273493614
2026-06-08,72.83000183105469,73.4800033569336,72.37000274658203,73.27999877929688,22560,0,74.04349937438965,74.554599609375,74.53342553987167,75.50358175766763,,45.32897163245887,-0.6687395295683984,-0.5698526210876255,-0.09888690848077297,77.76893248819655,74.04349937438965,70.31806626058275,3.7344174292043584,13.993091887405734,14.213452806088014,486530.0,-58.990672264831296,-81.9762964088776,82.19702172209651,-0.1950318087200892
2026-06-09,73.80000305175781,74.55999755859375,73.16000366210938,73.72000122070312,16720,0,74.01399955749511,74.70479965209961,74.45595655709371,75.43363742288471,,46.61176650062596,-0.6536484178393067,-0.5866117804379617,-0.06703663740134502,77.73986816539322,74.01399955749511,70.288130949597,3.567672891152931,23.89691389436153,16.463664768953983,503250.0,-22.947133225149923,-78.49801665921821,82.17846794685477,-0.19225024533636875
2026-06-10,74.5999984741211,74.87000274658203,73.0,73.69000244140625,4105,0,74.09299964904785,74.76679977416993,74.38300854607586,75.36525958047379,,46.53160217247,-0.6367689774502878,-0.5966432198404269,-0.040125757609860924,77.719717897486,74.09299964904785,70.4662814006097,3.446410737969295,41.46670337549804,26.4522363857551,499145.0,-25.075418269738538,-84.33526426053369,82.17394700041812,-0.18572600022850042
2026-06-11,74.5999984741211,74.5999984741211,71.05000305175781,71.52999877929688,21530,0,74.03149948120117,74.70919967651368,74.11129333019214,75.21485719611391,,41.05637899118337,-0.7885957025849848,-0.6350337163893385,-0.15356198619564632,77.78601334970841,74.03149948120117,70.27698561269392,3.4538096439974373,37.52506377744149,34.296227015767016,477615.0,-89.01190649846683,-96.19050963756133,82.14616906521516,-0.1920094929331739
2026-06-12,73.98999786376953,73.98999786376953,71.19999694824219,71.37999725341797,11495,0,73.88949928283691,74.74999969482423,73.85116989430888,75.06447053169447,,40.698236962656274,-0.9105273530873035,-0.6901324437289315,-0.22039490935837203,77.81565572331424,73.88949928283691,69.96334284235958,3.406394734821002,25.21471299551436,34.73549338281796,466120.0,-89.1432466338692,-97.38099808235751,82.13109490448893,-0.1987511816480579
2026-06-15,73.86000061035156,73.86000061035156,68.41999816894531,69.41999816894531,85215,0,73.62799911499023,74.83879959106446,73.42915353951236,74.84311867433176,,36.248726121059185,-1.1520346717226886,-0.7825128893276829,-0.36952178239500566,77.98928222355431,73.62799911499023,69.26671600642615,3.5516524281485196,12.235930502611128,24.991902425188986,380905.0,-140.41596424050556,-91.20492736643698,82.00273639379411,-0.23096781049059897
2026-06-16,70.5999984741211,71.3499984741211,69.5999984741211,69.72000122070312,21735,0,73.51799926757812,74.84839965820312,73.075900937721,74.6422121075228,,37.37728201649117,-1.3041893397814448,-0.8868481794184353,-0.4173411603630095,78.14870402488413,73.51799926757812,68.88729451027211,3.435820133650467,14.7658430306124,17.405495509579293,402640.0,-144.34711451557274,-88.13865729606161,81.96948272212278,-0.2457816576219934
2026-06-17,71.0,71.4000015258789,68.05000305175781,69.93000030517578,55565,0,73.41349945068359,74.85539962768554,72.77629135366908,74.45741948782292,,38.20196172303184,-1.391784217250958,-0.9878353869849399,-0.40394883026601813,78.26382837155514,73.41349945068359,68.56317052981204,3.4296900151126546,21.453734979440114,16.151836170887876,458205.0,-144.57968169606136,-81.10554944692623,81.88223686229534,-0.21985233491426664
2026-06-18,69.7699966430664,69.80000305175781,68.98999786376953,69.4000015258789,84895,0,73.31449966430664,74.8197996520996,72.45473994149859,74.25908937166825,,36.88185717411856,-1.4868309986054413,-1.0876345093090403,-0.39919648929640106,78.4018460935422,73.31449966430664,68.22715323507107,3.25185518841934,23.861535620544824,20.027037876865776,373310.0,-143.83607095751984,-85.68400391906532,81.74703102162064,-0.20330991199399254
2026-06-19,69.19999694824219,70.06999969482422,68.47000122070312,69.08000183105469,32305,0,73.15099983215332,74.7863996887207,72.1333363119325,74.05598789948733,,36.07137268058366,-1.5698809482724982,-1.184083797101732,-0.3857971511707663,78.5523243716891,73.15099983215332,67.74967529261754,3.1338654231123226,23.05252553622613,22.789265378737017,341005.0,-130.48986919307288,-87.6350600689302,81.69556756879167,-0.20212520550101679
2026-06-22,71.0,75.01000213623047,66.80000305175781,68.05999755859375,86875,0,72.65099983215332,74.67899963378906,71.745399287805,73.82085102337386,,33.541213690979504,-1.6984260536692517,-1.2869522484152358,-0.4114738052540159,77.99312636337913,72.65099983215332,67.3088733009275,3.496446398923775,18.600793615265765,21.838284924012232,254130.0,-96.78101146945976,-85.41672921475511,81.56743054608276,-0.33013442361411327
2026-06-23,66.5999984741211,69.80999755859375,65.3499984741211,66.13999938964844,98050,0,72.05999984741212,74.55599960327149,71.21155167845676,73.51964115538463,,29.36570761504192,-1.9329449952644069,-1.41615079778507,-0.5167941974793369,77.53564799973168,72.05999984741212,66.58435169509255,3.565271590748695,13.751058054729091,18.46812573540699,156080.0,-163.11996680252088,-91.82193979256901,81.39136524579098,-0.41615309680100654
2026-06-24,66.37999725341797,67.4800033569336,65.80999755859375,66.26000213623047,50350,0,71.60750007629395,74.40259963989257,70.73997553157807,73.2349494291433,,29.95265219657441,-2.0850841749034714,-1.5499374732087503,-0.5351467016947211,77.41948735965583,71.60750007629395,65.79551279293206,3.429895462719491,10.981818947172187,14.444556872389006,206430.0,-155.51914135879449,-90.5796758061408,81.29898550651723,-0.3878802598519839
2026-06-25,67.37000274658203,67.87999725341797,64.95999908447266,65.8499984741211,46670,0,71.1034999847412,74.25019958496094,70.27426343086788,72.9453435093385,,29.06402720449731,-2.2132267396903416,-1.6825953265050686,-0.530631413185273,77.07477247114555,71.1034999847412,65.13222749833686,3.393474227449907,8.81803234402389,11.183636448641714,159760.0,-142.22922669081277,-91.14428736921856,81.21273570926795,-0.3579689199066937
2026-06-29,65.97000122070312,67.55999755859375,62.41999816894531,64.05000305175781,29140,0,70.60300025939941,74.02119964599609,69.68147672809549,72.59650662864907,,25.488819267174414,-2.431990757308,-1.832474412665655,-0.5995163446423453,77.1494713257451,70.60300025939941,64.05652919305372,3.5182260247498016,10.407618229805607,10.069156507000551,130620.0,-159.5962186936695,-87.05318213522385,81.15385015691514,-0.33151434798175455
2026-06-30,65.02999877929688,65.80000305175781,63.27999877929688,64.37000274658203,35925,0,70.02150039672851,73.74479965209962,69.17562206318945,72.27389863327389,,27.203251576781213,-2.550145031839463,-1.9760085365004165,-0.5741364953390466,76.61302870360137,70.02150039672851,63.42997208985565,3.4469244710148823,16.063201363610023,11.762950645813163,166545.0,-147.77616675511203,-84.51148559838613,81.08098326332492,-0.38419475648509666
2026-07-01,65.58000183105469,65.70999908447266,61.09999847412109,62.08000183105469,43770,0,69.38000030517578,73.42879974365235,68.49984870774804,71.87413797436334,,23.105985492759327,-2.796332698516281,-2.1400733689035896,-0.6562593296126913,76.42529256377256,69.38000030517578,62.334708046579,3.53000133811036,17.929406953634942,14.800075515683512,122775.0,-162.7017148071116,-92.95468656415157,80.98500869490685,-0.37909969239947894
2026-07-02,64.26000213623047,64.5999984741211,62.40999984741211,62.68000030517578,22880,0,68.82500038146972,73.12759979248047,67.94557743131259,71.51358355596382,,26.24063988101069,-2.909484608107931,-2.2939556167444577,-0.6155289913634734,76.14005650110008,68.82500038146972,61.509944261839365,3.457858145607221,21.381756335610806,18.458121550951912,145655.0,-134.91199786701625,-88.64125510363024,80.93597961495497,-0.40798025239232727
2026-07-03,63.709999084472656,68.0999984741211,62.970001220703125,66.33999633789062,36065,0,68.46750030517578,72.85019973754883,67.79266494622478,71.31069778270604,,41.82102948609021,-2.6730143738892878,-2.3697673681734237,-0.30324700571586405,75.53017894238477,68.46750030517578,61.404821667966786,3.5980110044170845,37.53843591704157,25.616533068762426,181720.0,-68.40159934447819,-62.32928480067043,80.87039659526056,-0.37863323944208016
2026-07-06,69.80000305175781,70.0,66.61000061035156,68.76000213623047,108000,0,68.2870002746582,72.62159973144531,67.88479229765389,71.2106705024521,,49.427696176491104,-2.2642350740055264,-2.348660909339844,0.08442583533431769,75.12237260479648,68.2870002746582,61.45162794451991,3.6024390513951055,61.40947349063044,40.10988858109426,289720.0,-5.514342462824999,-44.93169198096544,80.71135289434639,-0.29624868136725924
2026-07-07,68.0,69.5999984741211,67.0,68.29000091552734,42600,0,68.03750038146973,72.40199981689453,67.92338359459421,71.09613444021976,,48.11201941656555,-1.955656117924704,-2.2700599510568162,0.3144038331321122,74.47856466403339,68.03750038146973,61.59643609890606,3.5308361530183907,80.57036163201244,59.8394236798948,247120.0,-3.9980991709773637,-48.31056399365513,80.64892961340377,-0.30569401496029164
2026-07-08,68.33000183105469,68.77999877929688,63.33000183105469,64.75,36730,0,67.58900032043456,72.1199998474121,67.62115658558524,70.84726642295624,,39.56881252479882,-1.9739985345652826,-2.2108476677585096,0.23684913319322698,73.62108689700007,67.58900032043456,61.55691374386906,3.6679190669629476,65.89467115758124,69.29150209340803,210390.0,-62.71727761439458,-73.75988091346477,80.58405549485752,-0.3142159145581908
2026-07-09,66.5999984741211,66.86000061035156,65.47000122070312,65.9000015258789,37445,0,67.1995002746582,71.84239990234374,67.4572370560894,70.65325603483556,,43.10335895941098,-1.8741356505575624,-2.1435052643183203,0.26936961376075796,72.57586757369191,67.1995002746582,61.8231329756245,3.5566391772049917,51.09836785173412,65.85446688044259,247835.0,-44.156050791978934,-65.49243861931576,80.5204933466176,-0.31697711677821977
2026-07-10,63.18000030517578,66.9800033569336,63.0,64.2300033569336,72590,0,66.83450050354004,71.585,67.14988146569361,70.40136377295705,,39.49113673806404,-1.907757055190359,-2.096355622492728,0.1885985673023689,71.9711691644129,66.83450050354004,61.697831842667185,3.5868794757570344,30.026683215991806,49.00657407510237,175245.0,-74.90757260839278,-77.49817355304809,80.38756077645216,-0.31296096609565477
2026-07-13,66.4800033569336,68.0,64.31999969482422,67.18000030517578,51345,0,66.62450065612794,71.40080001831055,67.15274992659667,70.27503579382838,,47.81127076084511,-1.6770303985022537,-2.012490577694633,0.33546017919237947,71.32562084921946,66.62450065612794,61.92338046303641,3.5999592734219896,40.86112044372995,40.66205717048527,226590.0,-16.330377965564885,-31.68538439711932,80.30532003811292,-0.2657075540394676
2026-07-14,67.0,67.0,63.02000045776367,63.34999847412109,91635,0,66.32100067138671,71.1,66.790583121599,70.00346570285947,,40.101610499898285,-1.7826774044461189,-1.9665279430449303,0.1838505385988114,71.04472735125633,66.32100067138671,61.5972739915171,3.639962171564141,28.986722442823847,33.29150870084852,134955.0,-78.47314263151141,-74.71910545793078,80.1395710980236,-0.28492947921376743
2026-07-15,63.41999816894531,65.0,60.81999969482422,61.59000015258789,87725,0,65.91450061798096,70.75579994201661,66.29528950550271,69.67352587735863,,37.1379981278529,-1.9855325896874518,-1.9703288723734347,-0.015203717314017151,70.79491625677196,65.91450061798096,61.03408497918997,3.6785363239649724,26.704310234618532,32.184051040390756,47230.0,-137.6898192317918,-91.61219572803786,79.96441718026846,-0.30044246262642454
2026-07-16,62.0,62.70000076293945,57.86000061035156,58.58000183105469,96015,0,65.3470006942749,70.36959999084473,65.56050020317433,69.23848571868004,,32.68866022912131,-2.3619513890764807,-2.0486533757140437,-0.313298013362437,70.83009827659487,65.3470006942749,59.863903111954926,3.7614980260094666,7.960060762080512,21.21703114650761,-48785.0,-204.7479035790739,-94.06918239784216,79.7470613438829,-0.35257975652436796
2026-07-17,59.209999084472656,62.04999923706055,58.25,58.560001373291016,1759665,0,64.80500068664551,69.94660003662109,64.89378602889973,68.819721626704,,32.660660087858254,-2.631545056008264,-2.1652317117728876,-0.4663133442353762,70.70556098822462,64.80500068664551,58.904440385066415,3.764248112513115,8.242735027221876,14.302368674640284,-1808450.0,-177.1153105074007,-94.23393082262977,76.43874170690728,-0.6607397473200407
2026-07-20,58.97999954223633,59.79999923706055,56.20000076293945,56.93000030517578,99210,0,64.19750061035157,69.56040008544922,64.13533024568792,68.35345804546759,,30.376955213565886,-2.942804623214627,-2.3207462940612356,-0.6220583291533917,70.68505683334281,64.19750061035157,57.70994438736033,3.7525159954851133,6.921073558952183,7.707956449418169,-1907660.0,-202.77410234354733,-94.71014795221234,76.26615866553419,-0.6631592568662953
2026-07-21,58.400001525878906,59.79999923706055,56.72999954223633,57.869998931884766,112835,0,63.68800067901611,69.21120002746582,63.53863202532572,67.94234200179767,,33.27450456492009,-3.078147076038107,-2.47222645045661,-0.6059206255814971,70.47576201759557,63.68800067901611,56.90023934043666,3.703764831152192,10.879956686700561,8.681255090958183,-1794825.0,-158.92936983621962,-87.89856332411632,76.07875058310783,-0.6468040257401216
2026-07-22,57.869998931884766,58.59999847412109,53.45000076293945,55.060001373291016,314815,0,63.13400077819824,68.82620010375976,62.731143391798604,67.43715217322878,,29.343104051844072,-3.373265360547876,-2.652434232474863,-0.7208311280730131,70.78462528196387,63.13400077819824,55.483376274432615,3.8070671797257236,14.380640355705046,10.727223533785908,-2109640.0,-180.41819769211173,-90.27189918688168,75.50767344302751,-0.619865717310874
2026-07-23,55.04999923706055,57.59000015258789,54.400001525878906,55.4900016784668,202845,0,62.595500755310056,68.49380012512206,62.041510847671766,66.96863646755185,,30.69257323546814,-3.5317396005851265,-2.8282953060969156,-0.7034442944882109,70.78719738960221,62.595500755310056,54.40380412101789,3.7629908545102424,20.034536885298984,15.098377975901508,-1906795.0,-149.25907244884957,-87.67370991196692,75.1585560897044,-0.6037841472985489
2026-07-24,56.0,56.0,54.040000915527344,54.38999938964844,87625,0,62.02250080108642,68.12640007019043,61.31279547071716,66.47535658214387,,29.158375793337477,-3.7034020555561113,-3.0033166559887547,-0.7000853995673566,70.80534074099975,62.02250080108642,53.2396608611731,3.634205728078986,18.64316287586033,17.6861133722881,-1994420.0,-142.56832058281887,-94.17957424193214,75.00381478981743,-0.6077564162808593
2026-07-27,56.400001525878906,56.459999084472656,53.02999877929688,53.84000015258789,122715,0,61.51200065612793,67.71880004882813,60.60110067851438,65.97985240843579,,28.39413574977152,-3.839566002942128,-3.1705665253794293,-0.6689994775626986,70.92817536326699,61.51200065612793,52.095825948988875,3.6196196264430425,16.829548527579945,18.5024160962464,-2117135.0,-126.0411203374719,-94.85713413783488,74.78715672625066,-0.6069556098062285
2026-07-28,53.97999954223633,54.369998931884766,52.09000015258789,52.459999084472656,182345,0,60.91650047302246,67.275,59.82575766955802,65.44966208200586,,26.516203892815632,-4.012576975667521,-3.3389686154370475,-0.6736083602304737,71.01600420062684,60.91650047302246,50.81699674541807,3.523932423075459,10.817083100641272,15.429931501360494,-2299480.0,-128.74971795656782,-97.67442529583086,74.45086044961097,-0.6151148698112521
2026-07-29,52.88999938964844,55.75,52.88999938964844,55.09999847412109,488430,0,60.567500305175784,66.93860000610351,59.375685365230694,65.04379292091234,,35.328216328986485,-3.891801268222096,-3.4495351459940573,-0.44226612222803885,70.96020751234181,60.567500305175784,50.17479309800976,3.5072230296791647,24.125119991605857,17.257250539942337,-1811050.0,-92.18607874027819,-81.0810914493956,73.6628325711545,-0.47570661903778944
2026-07-30,56.790000915527344,59.97999954223633,55.34000015258789,57.27000045776367,513615,0,60.297000312805174,66.64360008239746,59.17514394547193,64.73893831451436,,41.53440377637357,-3.5797198432580757,-3.475572085446861,-0.10414775781121488,70.73720394631391,60.297000312805174,49.85679667929643,3.60527860385317,42.02117497693058,25.65445935639255,-1297435.0,-45.120201431052784,-67.44185823472304,73.01698913085228,-0.4395413768229405
2026-07-31,59.97999954223633,61.59999847412109,56.79999923706055,57.93000030517578,710745,0,59.87650051116943,66.37460014343262,59.0565588368723,64.47192113767755,,43.31611790207008,-3.2417675157205394,-3.4288111715015965,0.18704365578105708,69.9813285251343,59.87650051116943,49.77167249720457,3.6906157919394107,60.596343893342606,42.247546287293,-586690.0,-23.32325876268161,-60.83165518206545,72.2695146164842,-0.4569531870633797
2026-08-03,64.4000015258789,64.4000015258789,57.369998931884766,58.29999923706055,223750,0,59.35350036621094,66.0936001586914,58.98450554165213,64.22988498471219,,44.34016718162484,-2.9105312472633287,-3.325155186653943,0.41462393939061437,68.61239790394535,59.35350036621094,50.09460282847652,3.929143420657606,59.16952254397406,53.92901380474907,-362940.0,2.1648682998486484,-51.89776020239466,72.07044331516651,-0.483318233438047
2026-08-04,58.79999923706055,59.40999984741211,57.06999969482422,57.880001068115234,249760,0,58.833000373840335,65.69000022888184,58.879314639410524,63.98086992915936,,43.382083838617774,-2.651351332493199,-3.1903944158217943,0.5390430833285951,67.14597422612347,58.833000373840335,50.52002652155719,3.815633187224055,51.73648193790646,57.167449458407695,-612700.0,-24.339631519273162,-52.96506685945709,71.82181763404257,-0.47905919783814066
2026-08-05,59.04999923706055,60.16999816894531,56.97999954223633,57.13999938964844,170585,0,58.452500343322754,65.27360023498535,58.71366556800461,63.712600496237364,,41.673501370924654,-2.4771067886336837,-3.047736890384172,0.5706301017504884,66.3326961992104,58.452500343322754,50.572304487435105,3.770945004330121,37.88930949825313,49.598437993377864,-783285.0,-19.363050275132174,-58.97645269140652,71.65675886162646,-0.49170233455329626
2026-08-06,57.880001068115234,57.880001068115234,53.97999954223633,54.59999847412109,268035,0,57.88750019073486,64.8594002532959,58.32188774953951,63.35524355419359,,36.377540997517585,-2.5149824265791665,-2.941185997623171,0.42620357104400464,65.14669335492718,57.88750019073486,50.62830702654255,3.7801633272978914,23.057078306374663,37.560956580844724,-1051320.0,-70.21965043977949,-79.61008902095548,71.35687387512401,-0.5010406226491764
2026-08-07,54.880001068115234,56.79999923706055,54.02999877929688,54.75,176895,0,57.413500022888186,64.43580024719239,57.981707963869084,63.01778302265659,,36.88762971087955,-2.5040303696107387,-2.8537548720206845,0.3497245024099458,64.17519307753842,57.413500022888186,50.65180696823795,3.7080088366168753,11.069087041820282,24.005158282149335,-874425.0,-72.48433077529515,-78.39155523423818,71.16143116692338,-0.5018643740752123
2026-08-10,55.0,55.97999954223633,54.5,54.790000915527344,56710,0,56.79400005340576,64.05040031433106,57.677735864027014,62.69512490080838,,37.03261031044961,-2.4637227833442807,-2.7757484542854036,0.3120256709411229,61.940359550859384,56.79400005340576,51.64764055595214,3.5488653155896936,8.808456649571594,14.311540665922157,-817715.0,-68.54109897733306,-78.06660875930007,71.09937265511678,-0.5118804448324354
2026-08-11,55.18999862670898,55.27999877929688,52.790000915527344,53.34999847412109,121455,0,56.29400005340576,63.59740028381348,57.265570398321685,62.32864935466378,,34.00425617595798,-2.518938142326398,-2.7243863918936024,0.2054482495672043,60.68273818573607,56.29400005340576,51.90526192107545,3.4732319261739684,9.354443662048006,9.743995784479937,-939170.0,-97.76796337352575,-89.76443394826087,70.95753592480847,-0.5077653759065482
2026-08-12,53.58000183105469,53.790000915527344,50.0,50.41999816894531,233370,0,55.735499954223634,63.107600173950196,56.61361113838108,61.861643425812076,,28.83698446295394,-2.767224409265708,-2.7329539953680237,-0.03427041389768437,60.12919875690062,55.735499954223634,51.34180115154665,3.4958582825563522,8.667872654153884,8.943590988591138,-1172540.0,-160.677540685388,-97.08334635805063,70.6541437397752,-0.5162106658861
2026-08-13,50.59000015258789,51.83000183105469,50.0,50.93999862670898,230190,0,55.353499794006346,62.650800170898435,56.07326708965041,61.43334362976882,,30.845473094386545,-2.888733847880708,-2.764109965870561,-0.12462388201014729,60.012042601580504,55.353499794006346,50.69495698643219,3.376868536020519,8.91382722334424,8.97871451318202,-942350.0,-160.80738754738596,-93.47223245067258,70.35673446289265,-0.4936041230318762
2026-08-14,50.93999862670898,53.56999969482422,50.209999084472656,51.90999984741211,280900,0,55.0209997177124,62.21920021057129,55.676765447532475,61.059879167715614,,34.55602040692302,-2.873634491891856,-2.78601487107482,-0.08761962081703611,59.66588979046006,55.0209997177124,50.37610964496474,3.375663684187022,17.031078423693316,11.53759276706379,-661450.0,-119.99977888192744,-86.73611357624122,70.02331390696301,-0.339693204717968
2026-08-17,51.13999938964844,53.369998931884766,50.02000045776367,51.2599983215332,158175,0,54.73749961853027,61.797000122070315,55.25612095934207,60.67557011492415,,33.267862694536895,-2.8809085142853306,-2.804993599716922,-0.0759149145684086,59.57006459117035,54.73749961853027,49.904934645890194,3.3738304548965985,23.208973361101695,16.384626336046395,-819625.0,-117.96233096014576,-91.25001258320145,69.83732146769032,-0.33196226215931285
2026-08-18,50.45000076293945,51.09000015258789,50.02000045776367,50.61000061035156,67665,0,54.37449970245361,61.34360015869141,54.81363330705726,60.28084189905856,,31.983881626348833,-2.9056283376874674,-2.8251205473110312,-0.08050779037643618,59.301095655175075,54.37449970245361,49.44790374973215,3.221413841244665,23.966136113239916,21.402062632678284,-887290.0,-132.65969606338564,-95.76388509921127,69.75470694452125,-0.32764239109310245
2026-08-19,50.400001525878906,51.68000030517578,49.2599983215332,50.470001220703125,179350,0,54.14499969482422,60.878600158691405,54.39995406073782,59.896103048926975,,31.7000941212915,-2.9030511895250584,-2.840706675753837,-0.06234451377122152,59.342663192783405,54.14499969482422,48.94733619686504,3.1641701371302307,22.67763779193362,23.284249088758386,-1066640.0,-118.22819817126233,-92.0079085662108,69.53796061587776,-0.3120672025925406
2026-08-20,50.470001220703125,51.15999984741211,50.04999923706055,50.56999969482422,98235,0,53.89899959564209,60.41620010375976,54.03519650207938,59.53037350562883,,32.16309312031194,-2.859971765655672,-2.8445596937342037,-0.015412071921468318,59.28118879480876,53.89899959564209,48.516810396475414,3.0174437423603258,24.85458567235357,23.83278652584234,-968405.0,-100.6546050244158,-91.34741680295681,69.42204971089926,-0.3065736459148565
2026-08-21,50.77000045776367,51.209999084472656,49.91999816894531,50.34000015258789,89860,0,53.69649963378906,59.99240013122559,53.68327304022305,59.169966707470365,,31.63195886019715,-2.8119753512850565,-2.8380428252443743,0.026067473959317855,59.29015808644906,53.69649963378906,48.10284118112906,2.8940549690151127,28.248723635020784,25.260315699769297,-1058265.0,-91.42930792622911,-90.1008080095357,69.31668087845755,-0.30102084727540607
2026-08-24,50.34000015258789,52.93999862670898,47.0,48.0099983215332,698900,0,53.404999542236325,59.52500015258789,53.14296116225259,58.73232088841401,,26.80309061002272,-2.928195111719454,-2.8560732825393904,-0.07212182918006338,59.52155630454894,53.404999542236325,47.28844277992371,3.111622373136103,24.558403107322857,25.88723747156571,-1757165.0,-106.68678617898577,-92.33106710739895,68.48685029997925,-0.3439192214383589
2026-08-25,48.27999877929688,51.290000915527344,47.11000061035156,48.45000076293945,859570,0,53.20449962615967,59.10560020446778,52.696012552794194,58.32909264819932,,29.007120934562973,-2.950780824862484,-2.875014791004009,-0.07576603385847491,59.683948921333986,53.20449962615967,46.72505033098535,3.187935082567509,22.563849495864833,25.123658746069466,-897595.0,-103.37534303516797,-86.67278841369966,67.53829042735434,-0.3358160912111176
2026-08-26,49.0,55.68000030517578,44.68000030517578,47.02999877929688,24835470,0,52.80099964141846,58.65180015563965,52.156392193413495,57.88599092785021,,26.259081842947076,-3.0481255637709666,-2.9096369455574007,-0.13848861821356584,59.74638106960857,52.80099964141846,45.85561821322835,3.7459397195269726,20.925919355974518,22.682723986387376,-25733065.0,-88.95367673819676,-80.61057193710779,56.79112524358234,-0.5447363465922652
2026-08-27,46.59999847412109,48.72999954223633,46.0,46.34999847412109,3088325,0,52.25499954223633,58.18020011901856,51.603402315385644,57.433599066919655,,25.035912612216567,-3.143901374282848,-2.9564898313024903,-0.18741154298035756,59.42260362607187,52.25499954223633,45.087395458400785,3.673372564006212,20.318738975457592,21.269502609098954,-28821390.0,-121.89290080408324,-85.22125414426382,56.1302159559379,-0.5693589766579928
2026-08-28,46.59000015258789,46.650001525878906,43.61000061035156,44.650001525878906,1812300,0,51.590999603271484,57.68520011901855,50.941173668765956,56.93228151629061,,22.246045315790084,-3.3187237587398783,-3.028936616789968,-0.2897871419499105,58.98944787711395,51.590999603271484,44.192551329429016,3.6281317319720072,15.053945379694108,18.766201237042047,-30633690.0,-155.89385904121968,-91.38358788879415,55.70387482909608,-0.5566455774775578
2026-08-31,45.06999969482422,45.86000061035156,43.83000183105469,45.02999877929688,1279930,0,50.9274995803833,57.2042000579834,50.37820463167366,56.46552533052615,,24.277294667719243,-3.3875594783838068,-3.1006611891087354,-0.2868982892750713,58.17893522337408,50.9274995803833,43.67606393739251,3.513979378209498,11.85430155219535,15.742328635782323,-29353760.0,-154.33983862452837,-88.23530899048627,55.4202199176432,-0.528445500514158
2026-09-01,45.72800064086914,46.20000076293945,44.321998596191406,45.48799896240234,454070,0,50.307899475097656,56.75276008605957,49.912470758409725,56.03503410040364,,26.76073985208958,-3.36635030420031,-3.1537990121270503,-0.21255129207325973,57.18524487356171,50.307899475097656,43.430554076633605,3.3971238631051084,11.980109213489698,12.962785381793026,-28899690.0,-135.92461741120778,-84.44077548025055,55.327109090176414,-0.5200670844065419
2026-09-02,45.48799896240234,47.66600036621094,45.11000061035156,46.6619987487793,1337260,0,49.7839994430542,56.36320007324219,49.60290199558778,55.66746408661445,,32.840968755028776,-3.2177180587991216,-3.1665828214614646,-0.051135237337657014,56.070731131954794,49.7839994430542,43.497267754153604,3.337043569730413,28.977755535303203,17.604055433662726,-27562430.0,-97.4234919891377,-74.71418214089539,55.0928690812789,-0.49124732617735783
2026-09-03,46.89400100708008,47.20000076293945,46.0,46.6259994506836,780085,0,49.38529949188232,55.97052001953125,49.31938746750166,55.31289684598971,,32.75118171506833,-3.067470881095865,-3.1467604333883448,0.07928955229247991,55.40551312437791,49.38529949188232,43.36508585938673,3.18439765495963,49.84250861326645,30.266791120686424,-28342515.0,-83.7336488349063,-75.0124364822864,54.963833887090885,-0.4785389719201137
2026-09-04,47.33000183105469,49.220001220703125,43.79999923706055,44.09999847412109,578711,0,48.85279941558838,55.53552001953125,48.82230280146542,54.87317534121055,,27.143453447663674,-3.1163032741185717,-3.1406690015343903,0.02436572741581866,54.76377445505375,48.85279941558838,42.94182437612301,3.3440836784369834,46.5011135228281,41.77379255713256,-28921226.0,-97.77329273600603,-95.94036556620924,54.860552401471836,-0.48491448839162105
2026-09-07,44.0,44.470001220703125,40.5,41.08000183105469,580938,0,48.16729946136475,55.07611999511719,48.08494080428344,54.3322665761064,,22.24045936704659,-3.3599602569978586,-3.184527252627084,-0.1754330043707748,54.33926748591485,48.16729946136475,41.995331436814645,3.3887920743131366,28.848461901946308,41.730694679346925,-29502164.0,-170.24227931202262,-96.17917115023424,54.71829600649229,-0.48815827770858056
2026-09-08,41.0,49.290000915527344,39.369998931884766,49.06999969482422,6862231,0,47.9532995223999,54.77011993408203,48.178755936715895,54.1259031689973,,48.66207878208568,-2.875190710212294,-3.122659944144126,0.24746923393183184,53.6717700461935,47.9532995223999,42.234828998606304,3.855307067836668,36.65622722164914,37.33526754880782,-22639933.0,-61.52198630085887,-40.52728420474561,53.69922342303026,-0.26537145680541213
2026-09-09,49.09999847412109,58.880001068115234,45.59999847412109,51.5,32714581,0,48.00729961395264,54.55851989746094,48.4950648951239,54.02292657413466,,53.8032441462118,-2.2687736254493203,-2.951882680405165,0.6831090549558447,53.83723421949769,48.00729961395264,42.17736500840759,4.528499605419346,55.535628524539824,40.34677254937839,10074648.0,99.15130457305195,-37.82675684289354,53.09280414150579,-0.1984075524721568
2026-09-10,52.20000076293945,58.970001220703125,51.810001373291016,53.619998931884766,56803097,0,48.141299629211424,54.37731986999512,48.98315385100589,54.00712549012486,,57.776040031086985,-1.5986888308499303,-2.681243910494118,1.0825550796441878,54.34586629541739,48.141299629211424,41.93673296300546,4.738606863653901,77.55318750071608,56.58168108230166,66877745.0,157.33537706122203,-27.295926857470274,53.74437573557095,-0.324688560673555
2026-09-11,54.0,57.310001373291016,54.0,55.31999969482422,13756114,0,48.31179962158203,54.156919937133786,49.586662978988585,54.058610753054246,,60.69501622298693,-0.9198623487971105,-2.3289675981547164,1.409105249357606,55.08280347516772,48.31179962158203,41.54079576799634,4.66370654777907,72.08495390320401,68.39125664281994,80633859.0,161.38394760680615,-18.622454590024216,53.89658136043484,-0.3138923022539499
2026-09-15,56.0,57.29999923706055,52.36000061035156,54.630001068115234,3680305,0,48.48029975891113,53.87431991577149,50.06698089223874,54.08101821638997,,58.91477199501827,-0.43257810260947593,-1.9496896990456682,1.5171115964361923,55.68991020532713,48.48029975891113,41.27068931249513,4.6834416962740635,77.31292107230092,75.65035415874031,76953554.0,132.7509399483343,-22.142855335602817,53.915766797293706,-0.308255572238765
2026-09-16,53.70000076293945,54.7400016784668,50.150001525878906,52.2599983215332,1749386,0,48.56279964447022,53.5537198638916,50.27583969502869,54.009605671493624,,53.14840718758064,-0.23493307922559126,-1.6067383750816528,1.3718052958560616,55.90455399653982,48.56279964447022,41.22104529240062,4.67676730029648,69.68256430366692,73.02681309305727,75204168.0,75.88868420877436,-34.23470467142712,53.89981114911169,-0.3058223996598831
2026-09-17,52.15999984741211,52.38999938964844,50.150001525878906,51.25,658138,0,48.60179958343506,53.283719863891605,50.368616866930715,53.90138584123897,,50.863640589224865,-0.1579753563066717,-1.3169857713266566,1.159010415019985,55.99179272043115,48.60179958343506,41.21180644643897,4.502712340544555,46.71392865371095,64.56980467655958,74546030.0,50.26024657533408,-39.3877567305557,53.889524107184236,-0.304940568418553
2026-09-18,51.36000061035156,51.86000061035156,49.29999923706055,49.84999847412109,705212,0,48.5657995223999,52.96271980285645,50.31922463904409,53.74250790527356,,47.79645659617376,-0.20756158849095385,-1.095100934759516,0.8875393462685621,55.92403656028608,48.5657995223999,41.207562484513716,4.363947271455016,23.050348973145308,46.482280643507714,73840818.0,30.862591060270685,-46.53062082439105,53.87473182914334,-0.3063161146883505
2026-09-21,49.86000061035156,50.77999877929688,43.810001373291016,45.9900016784668,929852,0,48.34829959869385,52.59791976928711,49.90691769041768,53.438488053241926,,40.53809157194965,-0.5519657986762354,-0.9864739075428599,0.4345081088666245,55.74098630717821,48.34829959869385,40.95561289020949,4.55009370963722,11.832722503494162,27.199000043450127,72910966.0,-39.47453276506014,-66.22447972692999,53.83643306667348,-0.30670235516586586
2026-09-22,46.220001220703125,55.18000030517578,45.20000076293945,52.619998931884766,4284942,0,48.578799629211424,52.30671974182129,50.16530638008121,53.40639044063968,,53.57808197887357,-0.2866192787632542,-0.8465029817869387,0.5598837030236845,56.19889734520812,48.578799629211424,40.95870191321473,4.937944126251442,33.50370782540634,22.795593100681923,77195908.0,45.6055969393358,-32.39796707799868,53.76682078733436,-0.2835789530071333
2026-09-23,53.54999923706055,55.0,52.5,53.88999938964844,1666245,0,48.850799560546875,52.117519760131835,50.52003904765904,53.425355497463556,,55.58727234532633,0.025850188212544367,-0.6720323477870421,0.6978825359995865,56.81373897386751,48.850799560546875,40.88786014722624,4.763805260090625,60.766354099188106,35.367594809362856,78862153.0,91.6354262660414,-25.918373662398942,53.76710292665202,-0.2790138318628837
2026-09-24,53.29999923706055,53.790000915527344,51.0,51.630001068115234,569671,0,49.080799674987794,51.91831977844238,50.625749716273916,53.35494944141068,,51.32975776351068,0.09008309323409947,-0.5196092595828138,0.6096923528169133,57.08570648247635,49.080799674987794,41.07589286749924,4.629961983630468,78.3054757518427,57.525179225479036,78292482.0,54.44114985810623,-37.44897599718802,53.76186112079554,-0.22583794103035648
2026-09-25,52.27000045776367,52.27000045776367,49.5,50.75,393062,0,49.30079975128174,51.76171974182129,50.63758307662878,53.25279456135536,,49.732479225763356,0.0691819154585005,-0.4018510245745509,0.4710329400330514,57.23494896638813,49.30079975128174,41.36665053617534,4.497107588925697,72.82321510231075,70.63168165111385,77899420.0,27.251413858047528,-41.9387768408199,53.75538077333066,-0.2133037995871495
2026-09-28,52.0,52.11000061035156,48.15999984741211,49.349998474121094,451046,0,49.53579959869385,51.57751968383789,50.51495597162805,53.099743734404996,,47.21524470222048,-0.05966308247521823,-0.3334134361546844,0.27375035367946615,57.17807173011013,49.53579959869385,41.893527467277565,4.45802852992668,57.13281538961345,69.42050208125563,77448374.0,4.928588278656336,-49.08164093465521,53.74552579900208,-0.21251547759348505
2026-09-29,49.20000076293945,50.81999969482422,48.18000030517578,50.09000015258789,319661,0,49.7887996673584,51.44071968078613,50.47448398886232,52.981714574333736,,48.693484760389175,-0.10089862408432992,-0.2869104737406135,0.1860118496562836,57.14741819515409,49.7887996673584,42.430181139562706,4.328169305621091,43.61244529479551,57.85615859557324,77768035.0,-3.753471047022159,-58.575205524366126,53.73825444234727,-0.21479340345473313
2026-09-30,50.099998474121094,54.54999923706055,48.150001525878906,49.93000030517578,2215816,0,50.01089973449707,51.281919708251955,50.42262839993979,52.86203950495499,,48.378016219469785,-0.14481935107495048,-0.25849224920748093,0.11367289813253045,57.10008608143402,50.01089973449707,42.921713387560125,4.476157048875416,32.53733809339116,44.42753292593338,75552219.0,17.432517894559126,-59.630613499448806,53.70306918095987,-0.22024705579022158
2026-10-01,49.5,49.900001525878906,46.5,47.470001220703125,752515,0,50.05129985809326,51.130119705200194,50.14142581144106,52.65058702321963,,43.69118723006616,-0.3738190572953357,-0.2815576108250519,-0.09226144647028384,57.072570389179816,50.05129985809326,43.0300293270067,4.401431567182585,22.692858240413177,32.94754720953328,74799704.0,-55.600063472939915,-72.88889001916955,53.67917338656169,-0.22590915704960127
